country,subnational1,threshold,area_ha,extent_2000_ha,extent_2010_ha,gain_2000_2012_ha,tc_loss_ha_2001,tc_loss_ha_2002,tc_loss_ha_2003,tc_loss_ha_2004,tc_loss_ha_2005,tc_loss_ha_2006,tc_loss_ha_2007,tc_loss_ha_2008,tc_loss_ha_2009,tc_loss_ha_2010,tc_loss_ha_2011,tc_loss_ha_2012,tc_loss_ha_2013,tc_loss_ha_2014,tc_loss_ha_2015,tc_loss_ha_2016,tc_loss_ha_2017,tc_loss_ha_2018
United States,Alabama,10,13363464,9600146,9223176,1712130,177322,149717,137653,171879,170984,167960,175758,187397,120113,156052,150764,161376,134408,155063,140170,170457,170479,141152
United States,Alabama,15,13363464,9474931,9129167,1712130,177279,149685,137627,171839,170938,167905,175709,187349,120082,156022,150688,161217,133777,154197,139166,168965,169067,140123
United States,Alabama,20,13363464,9345561,9018703,1712130,177144,149589,137528,171686,170763,167711,175516,187159,119990,155915,150555,160988,132767,152952,137824,166971,167103,138678
United States,Alabama,25,13363464,9241762,8983057,1712130,177038,149534,137477,171615,170692,167620,175424,187071,119948,155863,150458,160822,131855,151929,136712,165433,165599,137532
United States,Alabama,30,13363464,9097763,8727123,1712130,176807,149385,137323,171401,170439,167370,175174,186836,119821,155724,150280,160559,130751,150692,135414,163521,163817,136129
United States,Alabama,50,13363464,8662933,8146256,1712130,175289,148228,136178,169732,168609,165540,173340,185127,118877,154727,149292,159368,126741,146032,130669,156757,157130,130939
United States,Alabama,75,13363464,7888200,7196450,1712130,168587,142793,130254,160979,159097,155666,163002,175903,114143,149859,145310,154810,120069,137680,122720,145023,145479,121733
United States,Alaska,10,150737803,56550936,62957035,66998,96004,218860,203075,696930,824764,639613,165583,40210,145533,526024,75896,59532,226030,83173,794112,269184,137938,102602
United States,Alaska,15,150737803,53421612,59058116,66998,95631,217457,201131,685999,815666,634370,164508,39935,144834,524706,75193,58788,221350,80608,770264,258855,130000,99649
United States,Alaska,20,150737803,52041275,57120767,66998,93602,214537,198884,674080,805633,629979,161812,38952,143067,521428,74067,57163,219363,79321,761746,255321,127615,97979
United States,Alaska,25,150737803,51278257,56139807,66998,92510,213170,198016,668147,800937,627815,160617,38455,142364,519835,73601,56372,217976,78386,755179,252842,126506,96944
United States,Alaska,30,150737803,50000791,54686979,66998,91296,208340,193696,651659,786916,620532,158558,37921,140697,517455,72928,55412,214283,76755,739736,247787,123484,94769
United States,Alaska,50,150737803,36891040,37958493,66998,71176,156715,148418,440842,592859,506121,125147,27849,97416,391738,57789,41335,142457,54099,499171,181000,58107,59068
United States,Alaska,75,150737803,19917836,22291888,66998,27964,66790,62726,148253,252602,264359,64228,14822,53732,238047,34505,20867,48435,25413,148551,73051,21571,21001
United States,Arizona,10,29535713,2921332,1738957,3199,1570,67073,12397,16561,5560,12340,3414,5283,2841,7133,49180,6060,3961,5244,4059,12204,11394,4339
United States,Arizona,15,29535713,2590355,1584617,3199,1510,63958,12149,15693,4764,11052,3287,5117,2746,6993,49016,5946,3820,5188,4046,12098,11114,4290
United States,Arizona,20,29535713,2352164,1284313,3199,1482,59784,11774,15428,4626,10948,3241,4991,2681,6931,48940,5794,3684,5111,4017,11765,10603,4222
United States,Arizona,25,29535713,2006304,1103207,3199,1453,58096,11327,15064,4432,10746,3179,4928,2618,6850,48756,5554,3394,4942,3929,11056,9856,4131
United States,Arizona,30,29535713,1808869,1075280,3199,1411,55059,11022,14504,4095,10384,3075,4708,2507,6733,48466,5319,3204,4783,3859,10368,9457,4036
United States,Arizona,50,29535713,1172766,426649,3199,1078,22761,6782,9682,2291,7056,2135,3272,1678,5253,46051,3867,2406,3844,3138,6943,7327,3389
United States,Arizona,75,29535713,511181,167498,3199,653,8946,3548,4812,947,3534,1184,1704,762,2866,35822,1838,935,1780,1027,2386,3272,1530
United States,Arkansas,10,13769059,8138438,7614077,837271,115838,92014,78667,116773,105196,124793,118346,92398,90332,111126,87409,94156,80865,81409,75825,93136,95395,85472
United States,Arkansas,15,13769059,8023576,7529567,837271,115814,92001,78657,116751,105169,124761,118313,92367,90304,111093,87343,93975,80362,80968,75430,92602,94686,84975
United States,Arkansas,20,13769059,7906609,7425272,837271,115761,91970,78623,116688,105092,124665,118221,92285,90243,111021,87239,93755,79655,80270,74818,91819,93775,84272
United States,Arkansas,25,13769059,7824687,7391207,837271,115702,91938,78598,116648,105043,124603,118156,92234,90193,110970,87150,93580,79010,79684,74320,91176,93004,83683
United States,Arkansas,30,13769059,7696080,7153896,837271,115545,91846,78532,116520,104886,124434,117986,92089,90060,110832,87012,93306,78251,79004,73700,90369,92088,82990
United States,Arkansas,50,13769059,7327297,6617510,837271,114720,91322,78056,115720,103962,123371,116894,91156,89233,109992,86379,92220,75454,76322,71325,87059,88605,80218
United States,Arkansas,75,13769059,6650427,5738405,837271,110114,88001,74733,110323,97477,116516,109971,85950,85488,105637,83900,88846,70211,71348,66490,80290,81678,74308
United States,California,10,40961694,12864976,12017201,291913,53669,73184,66522,70751,49639,96006,149247,222348,123540,37210,34380,67414,67843,134209,107664,199987,215668,247758
United States,California,15,40961694,11937660,11559390,291913,53310,71973,65730,69914,49154,93188,147066,220606,121722,36853,34046,66296,64058,129247,103007,192974,204296,237252
United States,California,20,40961694,10937165,10993371,291913,53018,70862,64029,69000,48556,90970,143793,219062,119234,36556,33710,64527,59047,120780,92248,178414,183730,215925
United States,California,25,40961694,10254636,10772388,291913,52657,70112,62992,68045,48055,89329,141350,217545,117635,36225,33388,62655,54270,114548,86633,168819,170053,201719
United States,California,30,40961694,9842706,10576452,291913,52198,68574,61290,66689,47175,86060,136812,214408,114222,35660,32838,61050,52023,110650,83420,163422,162613,194575
United States,California,50,40961694,8030228,8279894,291913,47616,57392,48926,56933,42177,72068,116374,195057,98454,33003,30380,52544,41161,91621,65184,133149,125044,149063
United States,California,75,40961694,6285116,6367709,291913,39102,44017,36449,44464,34780,55686,88865,163686,77176,28205,25487,42984,30686,72510,48251,102596,89256,103898
United States,Colorado,10,26974269,6065690,5014474,16812,14797,56141,13867,17896,23655,10571,63098,24605,7776,23156,10924,30388,25707,10849,6627,9222,9738,33450
United States,Colorado,15,26974269,5690360,4616190,16812,14665,54386,13560,17475,23427,10336,62921,24460,7613,22985,10765,29997,24835,10484,6526,9112,9613,33155
United States,Colorado,20,26974269,5313399,4309223,16812,14558,53531,13431,17306,23242,10195,62784,24348,7529,22864,10690,29553,24154,10164,6408,8921,9415,32675
United States,Colorado,25,26974269,4997737,4144697,16812,14142,47042,12765,16803,22970,9890,62522,24195,7390,22686,10564,28769,23145,9587,6186,8695,9178,31929
United States,Colorado,30,26974269,4775318,4038547,16812,13958,44736,12435,16301,22600,9476,62213,23969,7192,22441,10407,28063,22457,9254,6077,8550,9004,31349
United States,Colorado,50,26974269,3706402,2518036,16812,12548,29771,10765,13999,20418,7607,59545,22461,6169,20551,9419,23105,18172,7421,5088,6959,7523,26403
United States,Colorado,75,26974269,2535838,1331794,16812,9924,17577,8715,10808,16086,5523,51046,19542,4790,17040,7616,15695,13122,5158,3571,4767,5430,19054
United States,Connecticut,10,1289228,1068158,1032235,1381,822,1031,675,1120,1242,1361,1008,951,606,948,501,779,596,791,798,1769,2157,1443
United States,Connecticut,15,1289228,1046500,1011678,1381,821,1031,675,1119,1242,1360,1007,951,605,948,501,778,593,786,795,1762,2150,1435
United States,Connecticut,20,1289228,1032615,997722,1381,821,1030,674,1119,1242,1358,1006,950,605,948,501,777,591,782,793,1758,2145,1427
United States,Connecticut,25,1289228,1021583,995189,1381,820,1030,674,1118,1241,1358,1006,950,605,947,501,776,589,780,791,1755,2142,1424
United States,Connecticut,30,1289228,1002004,973102,1381,818,1030,673,1118,1241,1357,1004,949,604,947,500,775,586,775,789,1749,2135,1416
United States,Connecticut,50,1289228,929458,910851,1381,807,1020,668,1108,1234,1346,994,944,601,940,498,767,575,753,775,1720,2101,1376
United States,Connecticut,75,1289228,819829,832289,1381,768,986,651,1070,1201,1305,958,911,585,908,490,734,546,698,739,1641,2002,1281
United States,Delaware,10,529624,198406,195067,10475,1208,679,446,1197,931,851,963,541,553,604,349,684,441,633,639,886,766,657
United States,Delaware,15,529624,187950,186969,10475,1208,679,446,1196,930,850,963,541,553,604,349,684,438,629,635,880,754,647
United States,Delaware,20,529624,181554,179500,10475,1207,679,445,1196,930,849,962,541,553,604,349,683,436,626,632,874,743,639
United States,Delaware,25,529624,176375,178090,10475,1206,679,445,1196,930,849,962,540,553,603,348,683,435,623,630,868,734,630
United States,Delaware,30,529624,169125,168871,10475,1205,678,445,1195,929,847,961,539,553,603,348,683,434,619,625,861,725,617
United States,Delaware,50,529624,150666,144399,10475,1193,674,442,1182,921,815,953,536,550,598,347,674,427,606,610,830,688,575
United States,Delaware,75,529624,128783,120665,10475,1120,614,401,1040,841,751,887,506,515,580,344,640,407,574,564,762,616,505
United States,District of Columbia,10,16607,5492,3859,0,1,2,1,2,2,8,1,4,2,9,3,11,0,1,2,6,3,0
United States,District of Columbia,15,16607,4938,3348,0,1,2,1,2,2,8,1,4,2,9,3,11,0,1,2,6,3,0
United States,District of Columbia,20,16607,4588,3153,0,1,2,1,2,2,8,1,4,2,9,3,11,0,1,2,6,3,0
United States,District of Columbia,25,16607,4239,3124,0,1,2,1,2,2,8,1,4,2,9,3,11,0,1,2,6,3,0
United States,District of Columbia,30,16607,3776,2967,0,1,2,1,2,2,7,1,3,2,9,3,11,0,1,2,6,2,0
United States,District of Columbia,50,16607,2573,2207,0,1,2,0,2,2,6,1,3,2,8,2,10,0,1,1,6,1,0
United States,District of Columbia,75,16607,1852,1692,0,0,1,0,1,0,2,1,2,2,7,2,9,0,1,1,5,1,0
United States,Florida,10,14745993,8526790,8206973,1079708,106609,92513,94779,117039,109384,119780,112957,102143,85433,93478,88604,116515,88876,80706,75685,95319,124519,118983
United States,Florida,15,14745993,8191888,7912703,1079708,106451,92352,94571,116796,109117,119464,112739,101951,85300,93377,88435,116155,87726,79429,74382,93627,122782,117535
United States,Florida,20,14745993,7885712,7605136,1079708,106212,92106,94325,116423,108723,119052,112386,101665,85104,93185,88256,115789,86743,78418,73489,92104,121144,116298
United States,Florida,25,14745993,7676899,7492195,1079708,106069,91986,94214,116249,108532,118830,112209,101533,85030,93101,88155,115564,86117,77724,72906,91154,120128,115448
United States,Florida,30,14745993,7424735,7198023,1079708,105686,91603,93855,115737,107954,118229,111744,101176,84791,92909,87923,115150,85147,76684,71991,89665,118551,114161
United States,Florida,50,14745993,6337547,5795670,1079708,103261,89251,91224,112296,104439,114529,108576,98653,83076,91437,86359,112759,78624,70155,66275,81688,110299,107057
United States,Florida,75,14745993,5102720,4387120,1079708,94702,81535,82806,101239,92855,102789,98547,91214,78071,86966,82004,105425,69131,61423,58773,71013,94838,95218
United States,Georgia,10,15243415,10499999,10015675,1533847,164926,161236,141193,175569,173161,186578,201166,172867,130981,167421,183080,196046,152384,164097,148920,180950,228203,156034
United States,Georgia,15,15243415,10337093,9834260,1533847,164847,161167,141107,175465,173031,186432,201029,172756,130907,167345,182901,195774,151632,163038,147735,179170,226194,154542
United States,Georgia,20,15243415,10180938,9653637,1533847,164661,161018,140915,175235,172686,186027,200690,172432,130691,167102,182639,195371,150576,161761,146326,177136,223966,153020
United States,Georgia,25,15243415,10057752,9594675,1533847,164530,160925,140831,175131,172549,185851,200539,172290,130599,167001,182500,195139,149701,160714,145179,175524,222246,151774
United States,Georgia,30,15243415,9893279,9330400,1533847,164232,160672,140569,174783,172087,185349,200104,171906,130373,166734,182227,194741,148510,159348,143697,173459,220051,150176
United States,Georgia,50,15243415,9230107,8393699,1533847,161940,158715,138370,171887,168579,181595,196841,169127,128541,164739,179921,192159,141226,151334,135447,162508,208107,141595
United States,Georgia,75,15243415,8216898,6939592,1533847,152034,149284,127755,158867,152919,165021,182301,157689,121665,157109,172872,183770,130805,139641,124164,146397,188715,128213
United States,Hawaii,10,1672429,747927,673022,4379,639,716,901,736,632,515,837,669,477,585,274,926,452,1112,1866,1764,1298,2209
United States,Hawaii,15,1672429,719067,663847,4379,634,712,893,734,626,511,832,666,475,581,272,919,448,1104,1851,1740,1272,2193
United States,Hawaii,20,1672429,693918,658791,4379,630,707,879,730,622,507,828,664,471,577,270,908,442,1095,1838,1722,1253,2179
United States,Hawaii,25,1672429,673122,650390,4379,629,702,874,729,619,506,826,663,469,575,269,903,438,1090,1829,1704,1239,2168
United States,Hawaii,30,1672429,659496,627237,4379,627,700,867,728,617,502,823,661,468,571,268,899,435,1084,1818,1691,1219,2157
United States,Hawaii,50,1672429,579275,564626,4379,590,661,786,701,574,466,788,641,453,531,254,842,415,1050,1745,1604,1127,2072
United States,Hawaii,75,1672429,460384,483657,4379,515,595,682,623,491,398,675,593,417,445,226,729,321,812,1195,1235,824,1745
United States,Idaho,10,21643984,8239695,7072408,217231,85306,33025,39104,57237,42920,65841,155896,121495,25818,36102,35341,100135,83746,55936,48073,103534,83669,65050
United States,Idaho,15,21643984,7927654,6845873,217231,84921,32878,38901,57076,42658,65568,155028,121151,25762,35938,35257,99683,83088,55495,47853,102845,83024,64520
United States,Idaho,20,21643984,7650363,6590664,217231,84264,32718,38699,56796,42274,65255,153993,120768,25702,35667,35160,99124,82404,54890,47514,101853,82175,63870
United States,Idaho,25,21643984,7438965,6499065,217231,83703,32613,38518,56540,41969,65007,153248,120462,25638,35413,35065,98464,81634,54283,47269,101081,81429,63280
United States,Idaho,30,21643984,7251041,6394973,217231,82914,32387,38116,56255,41496,64521,151656,119978,25548,35175,34922,97776,80825,53722,46956,100126,80541,62615
United States,Idaho,50,21643984,6406902,5194820,217231,74806,30179,35148,53417,37162,60080,136323,114159,24632,32870,33255,91139,74800,49731,43971,93048,74443,58634
United States,Idaho,75,21643984,5345752,4019632,217231,58155,26050,29819,47777,30499,51521,112026,103150,22493,28661,30093,78772,64605,43679,39001,81265,64671,51438
United States,Illinois,10,15008781,2565300,2444286,6182,993,730,647,608,787,709,776,753,1280,644,755,1539,3036,1281,985,1636,3389,2333
United States,Illinois,15,15008781,2449501,2332421,6182,986,726,646,605,782,705,773,749,1275,640,747,1503,2860,1231,960,1599,3284,2279
United States,Illinois,20,15008781,2362514,2247159,6182,978,721,642,601,775,700,769,746,1270,637,741,1474,2698,1180,933,1555,3175,2220
United States,Illinois,25,15008781,2298599,2216698,6182,972,717,640,598,772,697,768,744,1268,635,737,1455,2595,1144,917,1521,3102,2182
United States,Illinois,30,15008781,2203741,2070409,6182,960,711,634,591,763,688,763,739,1261,630,729,1422,2419,1086,879,1467,2987,2113
United States,Illinois,50,15008781,1967943,1681399,6182,909,672,604,558,720,638,727,705,1214,603,691,1313,1942,941,781,1321,2668,1902
United States,Illinois,75,15008781,1644634,1086390,6182,780,576,521,469,619,527,623,615,1074,523,604,1102,1375,720,624,1055,2126,1531
United States,Indiana,10,9436269,2388667,2272560,2181,550,495,506,1073,971,1114,1319,1294,1198,908,1385,1987,2555,1449,1540,2820,3541,2318
United States,Indiana,15,9436269,2301241,2209811,2181,545,493,505,1069,965,1110,1313,1289,1195,906,1374,1975,2477,1434,1515,2777,3483,2274
United States,Indiana,20,9436269,2235643,2149942,2181,542,491,503,1067,961,1106,1308,1285,1191,903,1367,1964,2414,1420,1492,2737,3435,2236
United States,Indiana,25,9436269,2191097,2134448,2181,540,489,502,1066,958,1106,1305,1283,1190,902,1363,1957,2375,1411,1480,2710,3399,2206
United States,Indiana,30,9436269,2120555,2011125,2181,534,486,499,1061,952,1100,1299,1279,1185,898,1353,1946,2304,1395,1452,2661,3323,2154
United States,Indiana,50,9436269,1951144,1728838,2181,499,463,475,1025,913,1062,1248,1235,1153,870,1311,1882,2093,1338,1381,2517,3121,2011
United States,Indiana,75,9436269,1674746,1288876,2181,387,359,383,869,755,865,1056,1051,1000,765,1202,1692,1742,1187,1207,2185,2717,1745
United States,Iowa,10,14584483,1461437,1323441,2955,220,170,123,292,223,282,323,289,250,279,402,731,1300,1248,323,537,1046,1231
United States,Iowa,15,14584483,1374684,1230589,2955,216,167,122,288,219,279,317,280,247,276,393,701,1209,1185,316,521,1015,1194
United States,Iowa,20,14584483,1302552,1165432,2955,214,164,121,285,217,276,313,277,246,273,389,673,1129,1128,308,504,982,1154
United States,Iowa,25,14584483,1256396,1146548,2955,213,163,121,284,215,275,311,275,245,272,386,657,1076,1090,301,493,956,1124
United States,Iowa,30,14584483,1181709,1034407,2955,210,161,120,281,212,272,305,271,243,269,377,628,982,1022,291,474,914,1075
United States,Iowa,50,14584483,1018899,752828,2955,194,147,112,258,195,254,283,247,230,254,344,556,759,818,257,419,803,941
United States,Iowa,75,14584483,760252,395980,2955,162,121,94,216,159,215,243,209,196,216,288,440,443,546,180,298,552,674
United States,Kansas,10,21312413,1287497,985389,6054,829,530,313,686,568,520,772,819,495,436,553,722,1856,1783,667,2255,1334,937
United States,Kansas,15,21312413,1177306,901032,6054,821,526,310,680,562,515,765,811,490,431,544,699,1768,1693,637,1813,1266,890
United States,Kansas,20,21312413,1072969,822188,6054,812,520,305,667,555,505,756,791,480,422,534,666,1674,1591,604,1501,1192,842
United States,Kansas,25,21312413,1001034,805164,6054,799,513,302,655,549,496,746,766,472,415,526,648,1603,1512,580,1217,1145,807
United States,Kansas,30,21312413,893151,702581,6054,774,502,295,638,536,479,732,736,460,401,512,620,1499,1410,542,1091,1057,749
United States,Kansas,50,21312413,689113,470406,6054,671,436,260,549,453,411,656,619,395,341,426,510,1142,1054,418,720,809,582
United States,Kansas,75,21312413,447090,232497,6054,474,327,206,426,352,320,512,460,290,252,313,381,655,635,258,422,484,376
United States,Kentucky,10,10452628,5854779,5533079,15500,12657,8512,8971,13865,15578,14439,18360,17745,12451,14162,9696,13112,8539,9697,10763,20012,17980,10618
United States,Kentucky,15,10452628,5735070,5480582,15500,12642,8505,8967,13854,15565,14429,18344,17735,12446,14155,9681,13091,8408,9614,10712,19866,17845,10535
United States,Kentucky,20,10452628,5630088,5411322,15500,12628,8498,8963,13840,15550,14417,18328,17723,12439,14147,9667,13068,8286,9525,10661,19726,17706,10451
United States,Kentucky,25,10452628,5562241,5393640,15500,12618,8491,8959,13832,15542,14408,18316,17715,12435,14142,9657,13056,8204,9475,10631,19641,17624,10404
United States,Kentucky,30,10452628,5441915,5229070,15500,12595,8478,8951,13810,15521,14386,18292,17695,12424,14130,9640,13031,8063,9392,10563,19460,17464,10298
United States,Kentucky,50,10452628,5188221,4912047,15500,12433,8382,8888,13669,15370,14241,18091,17560,12344,14043,9555,12923,7690,9141,10381,18962,16998,10044
United States,Kentucky,75,10452628,4713155,4323084,15500,11749,7970,8550,12983,14621,13510,17161,16843,11832,13561,9259,12470,7037,8569,9905,17806,15934,9452
United States,Louisiana,10,12073541,6808332,6898568,1145459,102719,96781,88768,115495,126467,121102,117314,106466,92986,107030,92690,99281,85481,89809,81142,86193,90034,79197
United States,Louisiana,15,12073541,6660340,6742535,1145459,102687,96754,88744,115463,126411,121055,117271,106429,92946,106997,92560,99148,84825,89189,80558,85470,89220,78485
United States,Louisiana,20,12073541,6528928,6592862,1145459,102600,96678,88673,115348,126251,120870,117117,106317,92820,106907,92273,98916,83721,88164,79698,84431,88245,77649
United States,Louisiana,25,12073541,6435598,6539364,1145459,102539,96633,88634,115298,126181,120789,117043,106255,92760,106858,92099,98735,82956,87495,79096,83713,87517,77065
United States,Louisiana,30,12073541,6310747,6322360,1145459,102375,96508,88510,115127,125943,120532,116816,106082,92606,106702,91872,98515,82066,86692,78399,82872,86685,76347
United States,Louisiana,50,12073541,5878069,5625216,1145459,101447,95636,87696,114037,124388,118978,115508,104938,91503,105766,90813,97522,78624,83300,75514,79481,83341,73344
United States,Louisiana,75,12073541,5231976,4841475,1145459,97735,91940,83602,108355,116873,111256,108476,99978,87851,102425,88293,95182,74234,78533,70939,73743,77723,68467
United States,Maine,10,8436323,7394717,7374385,207932,44472,46028,29409,49553,51161,46718,45603,56474,42336,42056,28159,47973,40459,44148,46205,60344,61893,63749
United States,Maine,15,8436323,7347724,7312585,207932,44467,46025,29407,49548,51159,46715,45600,56472,42335,42054,28158,47956,40434,44109,46168,60280,61815,63677
United States,Maine,20,8436323,7316383,7286851,207932,44464,46023,29405,49543,51155,46713,45598,56469,42333,42053,28157,47941,40409,44076,46143,60233,61744,63620
United States,Maine,25,8436323,7296038,7277133,207932,44462,46022,29404,49541,51154,46712,45597,56468,42333,42053,28157,47931,40397,44058,46130,60202,61714,63584
United States,Maine,30,8436323,7257541,7232809,207932,44454,46017,29402,49532,51147,46708,45592,56465,42331,42050,28155,47914,40366,44012,46085,60127,61617,63496
United States,Maine,50,8436323,7067398,7010325,207932,44368,45961,29376,49441,51066,46664,45541,56414,42305,42014,28145,47785,40176,43720,45823,59687,61095,62973
United States,Maine,75,8436323,6344611,6450221,207932,43725,45481,29068,48764,50430,46150,45006,55926,42031,41753,28051,47086,38877,41862,44062,57201,58203,59876
United States,Maryland,10,2566846,1392119,1301545,35350,4382,4017,2298,3395,4239,4604,3695,2731,2452,2411,1708,2380,1754,2015,2489,3322,3658,2442
United States,Maryland,15,2566846,1344369,1267601,35350,4379,4014,2297,3391,4237,4600,3693,2730,2451,2409,1707,2377,1743,1998,2473,3236,3622,2426
United States,Maryland,20,2566846,1309884,1239179,35350,4377,4012,2296,3388,4233,4595,3689,2728,2450,2407,1707,2373,1735,1986,2458,3182,3594,2411
United States,Maryland,25,2566846,1281176,1232689,35350,4373,4010,2295,3386,4231,4592,3688,2726,2450,2407,1706,2371,1729,1979,2450,3139,3575,2403
United States,Maryland,30,2566846,1238908,1188196,35350,4365,4005,2292,3378,4223,4583,3683,2723,2447,2404,1705,2367,1715,1966,2428,3082,3533,2379
United States,Maryland,50,2566846,1113356,1059852,35350,4297,3962,2267,3303,4161,4512,3632,2682,2418,2383,1689,2338,1669,1910,2361,2870,3399,2301
United States,Maryland,75,2566846,959246,896668,35350,3833,3586,2006,2796,3594,3877,3121,2425,2237,2261,1631,2260,1550,1789,2215,2557,3111,2105
United States,Massachusetts,10,2102300,1685921,1624572,2854,2129,2036,1853,2420,2342,2817,2269,2477,1536,1888,1878,1977,1356,1993,2655,4021,5980,4004
United States,Massachusetts,15,2102300,1645213,1583182,2854,2126,2034,1852,2417,2340,2815,2267,2476,1535,1886,1877,1973,1349,1982,2646,4004,5954,3980
United States,Massachusetts,20,2102300,1620296,1558342,2854,2122,2032,1850,2414,2338,2812,2264,2473,1533,1884,1877,1971,1344,1974,2639,3990,5934,3960
United States,Massachusetts,25,2102300,1599334,1552934,2854,2120,2031,1850,2413,2337,2811,2263,2473,1533,1883,1876,1968,1339,1967,2633,3979,5914,3947
United States,Massachusetts,30,2102300,1565836,1522509,2854,2112,2026,1845,2409,2333,2808,2258,2470,1532,1879,1875,1964,1333,1954,2621,3960,5883,3921
United States,Massachusetts,50,2102300,1442377,1396946,2854,2051,1991,1819,2379,2306,2779,2228,2438,1518,1850,1860,1934,1291,1882,2554,3848,5708,3788
United States,Massachusetts,75,2102300,1238426,1232813,2854,1816,1834,1683,2212,2157,2635,2079,2315,1461,1748,1806,1827,1172,1651,2280,3446,5238,3404
United States,Michigan,10,25036039,9277524,8993047,95054,21397,19232,13136,28522,25528,26306,27282,31376,29490,26179,19163,35259,24961,28104,28541,32671,36203,37232
United States,Michigan,15,25036039,9074496,8860863,95054,21377,19221,13129,28498,25504,26285,27257,31355,29470,26169,19149,35198,24818,28032,28453,32559,36076,37057
United States,Michigan,20,25036039,8932632,8737119,95054,21360,19208,13120,28474,25478,26263,27228,31332,29446,26151,19132,35133,24702,27973,28391,32464,35967,36919
United States,Michigan,25,25036039,8829987,8703922,95054,21353,19203,13117,28468,25472,26255,27219,31325,29441,26147,19126,35088,24622,27929,28342,32407,35883,36827
United States,Michigan,30,25036039,8668931,8491943,95054,21329,19186,13103,28431,25424,26208,27169,31282,29399,26118,19105,34980,24471,27853,28243,32280,35719,36640
United States,Michigan,50,25036039,8127898,7829055,95054,20340,18528,12710,27004,24340,25371,26426,30611,28728,25631,18754,33387,23416,27016,27089,31264,34321,35575
United States,Michigan,75,25036039,7108408,6721815,95054,17813,16693,11514,23957,21631,22560,23954,27919,26579,24141,17892,29666,20359,23937,23653,27863,30791,32578
United States,Minnesota,10,22534484,8801991,8718236,92334,30125,24062,17307,31978,30670,36869,41493,37921,24315,28370,31788,59751,25306,32194,34051,35251,39085,36916
United States,Minnesota,15,22534484,8527929,8474561,92334,30095,24052,17299,31957,30647,36812,41453,37903,24306,28358,31764,59684,25173,32019,33932,35173,39005,36819
United States,Minnesota,20,22534484,8351813,8275608,92334,30074,24043,17289,31938,30624,36750,41414,37890,24298,28347,31743,59632,25059,31880,33850,35107,38936,36736
United States,Minnesota,25,22534484,8236315,8212036,92334,30057,24039,17286,31928,30611,36719,41396,37878,24294,28339,31729,59594,24987,31799,33795,35066,38887,36681
United States,Minnesota,30,22534484,8038473,7935953,92334,30039,24029,17278,31908,30588,36660,41362,37863,24283,28323,31715,59529,24860,31645,33681,34984,38800,36587
United States,Minnesota,50,22534484,7309686,6959468,92334,29701,23755,17062,31339,30160,35381,40708,37548,24131,28039,31482,58751,24207,30785,33033,34481,38257,36027
United States,Minnesota,75,22534484,6020906,5458632,92334,28038,22398,15945,29099,28218,30803,37703,35971,23399,27003,30628,56458,22334,28533,30922,32674,36171,33853
United States,Mississippi,10,12354581,8211624,7947997,1420971,132936,107065,102785,128870,164909,126783,133013,140804,96142,127423,108081,123587,108984,116588,109111,129271,138806,115204
United States,Mississippi,15,12354581,8095021,7862275,1420971,132906,107049,102764,128845,164873,126753,132985,140775,96124,127400,108008,123448,108347,115894,108370,128121,137766,114416
United States,Mississippi,20,12354581,7974557,7771046,1420971,132823,106984,102691,128768,164743,126638,132871,140659,96062,127337,107888,123267,107426,114842,107236,126652,136357,113352
United States,Mississippi,25,12354581,7877231,7731391,1420971,132744,106945,102654,128718,164675,126568,132811,140592,96025,127303,107778,123095,106462,113898,106268,125404,135175,112446
United States,Mississippi,30,12354581,7738298,7504960,1420971,132546,106820,102523,128548,164433,126355,132604,140398,95908,127197,107595,122819,105312,112792,105140,123924,133746,111335
United States,Mississippi,50,12354581,7327523,6991219,1420971,131564,106146,101805,127620,163054,125147,131557,139326,95221,126511,106843,121838,101794,109178,101378,118951,128821,107375
United States,Mississippi,75,12354581,6623020,6186891,1420971,127292,102941,98130,122608,155297,118104,125259,132709,91497,122973,104079,118657,96019,102801,95040,110226,119978,100328
United States,Missouri,10,18056896,7530430,6859593,19842,16049,13400,11325,16485,15274,18872,29697,19187,28764,13392,12630,19856,13345,14736,9324,15019,22681,14743
United States,Missouri,15,18056896,7314809,6762203,19842,16035,13391,11317,16468,15262,18853,29675,19171,28750,13379,12612,19495,13038,14351,9259,14855,22401,14619
United States,Missouri,20,18056896,7103500,6622423,19842,16023,13380,11309,16452,15244,18834,29655,19154,28739,13365,12594,19163,12704,13977,9181,14652,22063,14445
United States,Missouri,25,18056896,6970832,6578678,19842,16012,13372,11301,16441,15234,18821,29640,19144,28729,13356,12583,18950,12496,13728,9126,14515,21832,14331
United States,Missouri,30,18056896,6744776,6238289,19842,15981,13347,11281,16406,15201,18786,29607,19120,28706,13336,12559,18593,12112,13278,9015,14261,21370,14111
United States,Missouri,50,18056896,6272762,5602793,19842,15818,13198,11138,16201,15002,18537,29376,18946,28564,13173,12429,17690,11185,12186,8697,13572,20170,13560
United States,Missouri,75,18056896,5473568,4615794,19842,15194,12632,10632,15372,14204,17595,28360,18237,27903,12557,11943,15995,9823,10547,7898,12102,17652,12224
United States,Montana,10,38089679,8580872,7321857,212827,120841,59424,72828,197466,62203,57326,137499,110433,26236,35314,23762,42996,32178,23268,41755,52898,107702,106763
United States,Montana,15,38089679,8172040,7015596,212827,120413,59131,71981,195889,61262,56378,135500,110030,26035,35086,23520,42558,31053,22968,41434,52330,106294,104952
United States,Montana,20,38089679,7859727,6707239,212827,119653,58915,71486,195310,60837,56065,134888,109664,25933,34868,23403,42204,30092,22544,41018,51670,104576,103282
United States,Montana,25,38089679,7606738,6594562,212827,117815,58593,70689,193313,59796,55473,133059,109266,25736,34495,23023,41606,28785,22205,40693,51124,102928,101735
United States,Montana,30,38089679,7407747,6451667,212827,116797,58160,69284,191415,58353,54387,130371,108644,25470,34082,22705,41075,28163,21895,40356,50645,101760,100686
United States,Montana,50,38089679,6401771,4780905,212827,103326,53934,61501,179714,50266,48971,116665,102748,23558,30839,20647,37364,24181,19450,37303,46360,92527,92914
United States,Montana,75,38089679,5263109,3220543,212827,81969,46923,50969,161127,39088,40715,99202,92277,20391,26281,18037,32448,19052,15859,31822,39445,78319,79424
United States,Nebraska,10,20020895,562211,419751,2551,322,287,315,1031,1480,831,821,335,328,363,413,1558,6058,1664,700,997,975,970
United States,Nebraska,15,20020895,486721,340579,2551,276,261,292,951,1209,631,704,302,288,296,398,1484,5418,1528,664,922,907,901
United States,Nebraska,20,20020895,421635,285718,2551,264,238,280,895,1163,599,680,289,273,282,377,1371,4591,1340,599,791,809,797
United States,Nebraska,25,20020895,377820,270095,2551,256,232,275,879,1107,572,656,278,263,270,359,1287,3891,1189,559,716,744,724
United States,Nebraska,30,20020895,328269,210881,2551,220,202,245,802,980,486,600,255,241,234,341,1208,3552,1083,517,641,674,658
United States,Nebraska,50,20020895,199517,58544,2551,130,116,151,466,546,250,355,155,148,146,203,741,1458,507,281,303,376,357
United States,Nebraska,75,20020895,94913,7601,2551,68,51,75,164,134,106,158,80,68,76,98,305,364,178,91,109,158,152
United States,Nevada,10,28628391,1438460,681654,1314,1393,2205,548,2293,3218,1248,1307,2441,1567,540,1174,1773,9193,4791,883,3142,2259,5868
United States,Nevada,15,28628391,1163823,652460,1314,1288,1903,464,2038,2685,1023,1189,2271,1491,451,1080,1389,7717,4037,770,2756,1937,5687
United States,Nevada,20,28628391,979056,443237,1314,1269,1881,437,1943,2589,999,1173,2249,1480,411,1019,1188,6567,3434,632,2397,1731,5364
United States,Nevada,25,28628391,775728,374517,1314,1134,1547,383,1815,2388,935,1126,2188,1451,371,919,955,5179,2761,512,1892,1474,5036
United States,Nevada,30,28628391,652650,366183,1314,1113,1488,353,1745,2213,863,1033,2110,1406,338,845,813,4262,2398,430,1566,1276,4759
United States,Nevada,50,28628391,381560,166594,1314,863,745,181,1200,1417,358,664,1698,1172,205,590,472,2503,1579,245,770,616,3778
United States,Nevada,75,28628391,181452,75305,1314,548,289,95,781,924,208,338,1248,959,107,390,217,1217,919,165,360,219,2831
United States,New Hampshire,10,2399772,2142595,2107044,14492,6914,6387,3417,6437,7911,7699,7696,9728,6619,8061,4519,7239,7448,6797,7462,10452,10145,9991
United States,New Hampshire,15,2399772,2124725,2089504,14492,6912,6387,3416,6436,7909,7697,7695,9726,6618,8060,4519,7236,7440,6785,7452,10436,10125,9978
United States,New Hampshire,20,2399772,2113453,2079771,14492,6910,6386,3416,6434,7907,7696,7693,9724,6617,8058,4519,7232,7430,6778,7445,10423,10111,9970
United States,New Hampshire,25,2399772,2104624,2077306,14492,6909,6385,3416,6433,7907,7695,7692,9724,6617,8058,4518,7230,7427,6773,7440,10415,10101,9964
United States,New Hampshire,30,2399772,2091353,2059383,14492,6904,6383,3415,6431,7904,7693,7690,9721,6616,8056,4518,7225,7421,6762,7432,10400,10083,9951
United States,New Hampshire,50,2399772,2032961,1999664,14492,6875,6362,3407,6411,7887,7677,7672,9701,6605,8037,4513,7198,7378,6704,7384,10312,9984,9876
United States,New Hampshire,75,2399772,1887301,1885782,14492,6722,6267,3358,6298,7751,7561,7559,9557,6546,7950,4487,7098,7166,6483,7176,9970,9618,9554
United States,New Jersey,10,1969754,1282946,1231445,7628,2051,1689,593,2176,1421,1612,4307,1149,931,1449,578,1417,1103,1760,1135,2203,3246,1258
United States,New Jersey,15,1969754,1228463,1183024,7628,2046,1687,592,2172,1419,1609,4304,1148,930,1447,578,1414,1089,1751,1118,2181,3221,1242
United States,New Jersey,20,1969754,1186702,1148894,7628,2042,1685,592,2169,1416,1605,4300,1145,929,1444,577,1411,1073,1733,1103,2146,3176,1227
United States,New Jersey,25,1969754,1159554,1138975,7628,2036,1683,591,2166,1415,1603,4298,1144,929,1443,577,1409,1066,1700,1092,2101,3151,1213
United States,New Jersey,30,1969754,1120297,1100624,7628,2024,1676,590,2157,1408,1597,4290,1138,926,1440,575,1405,1054,1685,1073,2062,3110,1194
United States,New Jersey,50,1969754,991411,929346,7628,1928,1630,574,2076,1370,1542,4181,1107,903,1347,561,1329,918,1509,988,1828,2800,1092
United States,New Jersey,75,1969754,833005,737888,7628,1474,1392,517,1802,1224,1350,3252,982,801,1096,498,1177,706,1120,801,1336,2124,902
United States,New Mexico,10,31486425,3241657,2055915,4031,4497,17712,9094,20050,7280,19031,3717,7518,1759,4100,26258,27889,20515,8404,2122,5328,3365,11733
United States,New Mexico,15,31486425,3025931,1878577,4031,4346,16706,8766,19088,7049,18665,3583,7347,1685,4001,26087,27729,20156,8178,2092,5295,3343,11674
United States,New Mexico,20,31486425,2869209,1593314,4031,4195,16034,8534,18580,6905,18380,3519,7212,1625,3955,25960,27576,19857,7999,2049,5246,3310,11566
United States,New Mexico,25,31486425,2574249,1436220,4031,4061,15176,8243,18303,6706,18046,3451,7131,1541,3895,25704,27302,19210,7553,1955,5136,3214,11277
United States,New Mexico,30,31486425,2364105,1413027,4031,3866,13735,7886,17837,6338,17388,3253,6906,1462,3781,25347,27003,18612,7150,1882,5025,3131,11005
United States,New Mexico,50,31486425,1627493,665986,4031,2602,8139,5465,12783,4170,12424,2374,4527,911,2906,21637,25193,16185,5671,1405,4106,2577,8786
United States,New Mexico,75,31486425,892330,308899,4031,1522,3692,2937,7804,2490,7749,1785,2212,489,1818,15820,21374,11737,3680,698,1743,1371,5054
United States,New York,10,13518668,9036028,8959335,13792,6263,4941,3475,7903,8584,6555,7268,6550,5038,6392,4096,8439,5328,7602,7788,10635,13083,14883
United States,New York,15,13518668,8828533,8788135,13792,6255,4938,3473,7894,8579,6551,7261,6546,5035,6388,4093,8413,5274,7526,7758,10570,13022,14811
United States,New York,20,13518668,8700650,8702746,13792,6246,4934,3472,7890,8576,6548,7257,6542,5033,6384,4091,8395,5241,7479,7733,10509,12976,14752
United States,New York,25,13518668,8620404,8680398,13792,6237,4932,3472,7885,8574,6547,7253,6541,5032,6382,4089,8383,5220,7446,7720,10480,12953,14723
United States,New York,30,13518668,8486301,8539325,13792,6225,4928,3470,7877,8569,6543,7247,6537,5030,6376,4084,8366,5187,7388,7696,10425,12899,14659
United States,New York,50,13518668,8041408,8109052,13792,6118,4888,3454,7806,8516,6500,7189,6488,5008,6337,4054,8260,5016,7101,7551,10125,12644,14322
United States,New York,75,13518668,7293191,7296908,13792,5698,4704,3355,7492,8230,6297,6923,6288,4899,6169,3960,7929,4566,6395,7097,9226,11928,13411
United States,North Carolina,10,12781835,8593896,8144505,744206,93360,89605,67689,96147,105335,99535,106008,103172,71001,87353,85957,92456,83640,95072,97771,113589,117420,96886
United States,North Carolina,15,12781835,8438523,8028592,744206,93286,89555,67638,96059,105254,99438,105925,103099,70958,87303,85915,92338,83257,94603,97273,112810,116587,96248
United States,North Carolina,20,12781835,8317805,7901201,744206,93219,89509,67587,95976,105174,99324,105821,103019,70904,87224,85866,92195,82884,94102,96758,112063,115745,95585
United States,North Carolina,25,12781835,8214893,7866347,744206,93167,89475,67560,95935,105136,99276,105769,102983,70877,87194,85839,92099,82617,93739,96373,111506,115121,95093
United States,North Carolina,30,12781835,8063245,7650492,744206,92995,89342,67451,95735,104939,99024,105551,102818,70777,87076,85771,91924,82149,93113,95703,110556,114088,94291
United States,North Carolina,50,12781835,7561175,7076493,744206,91877,88450,66689,94490,103717,97587,104243,101836,70089,86341,85294,91054,79978,90327,92662,106310,109658,90743
United States,North Carolina,75,12781835,6764087,6164750,744206,85815,83090,62197,86478,95026,88420,94921,95277,66560,82680,83029,88202,75672,84960,86487,98232,100940,83834
United States,North Dakota,10,18314184,726276,953735,6120,353,795,251,813,735,663,611,854,118,430,258,534,330,212,5,29,31,12
United States,North Dakota,15,18314184,595379,778812,6120,342,777,243,793,711,648,592,830,114,413,242,514,279,191,5,28,30,12
United States,North Dakota,20,18314184,515144,662186,6120,334,763,236,777,694,635,579,811,111,403,231,498,245,174,5,27,30,11
United States,North Dakota,25,18314184,467589,623917,6120,330,758,232,772,679,628,571,800,109,396,225,490,225,165,5,27,29,10
United States,North Dakota,30,18314184,401184,533190,6120,322,747,226,754,654,612,556,775,106,387,215,473,198,150,5,26,28,10
United States,North Dakota,50,18314184,247933,217897,6120,253,593,161,575,442,457,425,574,83,302,151,348,126,111,5,22,24,9
United States,North Dakota,75,18314184,140105,91329,6120,167,354,98,378,281,280,270,372,62,208,100,219,64,67,4,18,16,7
United States,Ohio,10,11993914,3966837,3754960,10953,5706,5431,4931,5766,7342,6791,8001,8589,5963,8585,6004,8487,5214,6096,6845,9231,10881,6005
United States,Ohio,15,11993914,3830386,3671714,10953,5699,5428,4929,5760,7337,6788,7996,8583,5960,8582,6001,8474,5179,6065,6813,9143,10782,5943
United States,Ohio,20,11993914,3731061,3601552,10953,5693,5425,4927,5755,7332,6783,7991,8579,5957,8578,5998,8463,5154,6040,6787,9077,10702,5892
United States,Ohio,25,11993914,3665825,3587097,10953,5688,5424,4926,5752,7329,6781,7989,8576,5955,8576,5997,8458,5139,6028,6774,9043,10660,5860
United States,Ohio,30,11993914,3554456,3448635,10953,5680,5418,4924,5745,7322,6773,7981,8570,5951,8572,5993,8445,5112,5999,6739,8963,10560,5794
United States,Ohio,50,11993914,3308151,3152090,10953,5619,5376,4897,5695,7258,6719,7924,8519,5920,8541,5964,8391,5019,5908,6634,8738,10268,5593
United States,Ohio,75,11993914,2930587,2688898,10953,5423,5211,4795,5497,6988,6503,7673,8298,5779,8385,5846,8224,4835,5687,6358,8228,9603,5174
United States,Oklahoma,10,18104043,4198252,3470468,140044,25640,24355,15176,23796,26122,27240,27019,26629,21957,20236,21487,26695,18606,21833,17002,23785,22803,20805
United States,Oklahoma,15,18104043,4012329,3344437,140044,25613,24340,15166,23767,26100,27201,26979,26588,21912,20206,21452,26527,18297,21315,16645,22999,22231,19459
United States,Oklahoma,20,18104043,3801596,3186027,140044,25542,24285,15137,23684,26016,27079,26871,26466,21746,20134,21369,26284,17907,20735,16300,22268,21535,18234
United States,Oklahoma,25,18104043,3651469,3147017,140044,25454,24218,15102,23584,25927,26955,26749,26309,21520,20053,21286,26075,17574,20131,15984,21678,20987,16948
United States,Oklahoma,30,18104043,3432388,2852168,140044,25273,24087,15025,23410,25761,26742,26524,26083,21288,19936,21165,25818,17185,19572,15619,20957,20281,16149
United States,Oklahoma,50,18104043,2957564,2242420,140044,24309,23369,14580,22482,24778,25505,25367,24948,19959,19200,20518,24652,15934,17849,14415,18844,18306,13970
United States,Oklahoma,75,18104043,2160979,1446304,140044,21645,20737,12725,19643,21659,21711,21445,21342,16341,16732,18203,21799,13774,14968,12061,15115,14718,11319
United States,Oregon,10,25141109,11266107,10593855,768041,67573,202058,96699,130268,77350,92235,81814,87008,62259,71844,68188,80561,76272,92341,88654,119641,138412,146360
United States,Oregon,15,25141109,10773338,10342780,768041,67439,201040,96502,129821,77072,91927,81408,86792,62097,71517,67937,80067,75506,89785,87226,117372,137033,145112
United States,Oregon,20,25141109,10341526,9967720,768041,67330,200163,96403,129601,76928,91765,81220,86693,62019,71385,67728,79463,74468,87023,85320,114535,135227,143451
United States,Oregon,25,25141109,9965555,9843611,768041,66984,198471,95842,128626,76396,91227,80693,86287,61694,70901,67274,78663,73336,84612,83483,111772,133285,141672
United States,Oregon,30,25141109,9721301,9713339,768041,66707,196635,95477,127924,75891,90712,80103,85994,61503,70546,67000,78085,72450,82980,82134,109784,131509,140058
United States,Oregon,50,25141109,8599667,8221222,768041,63384,179173,91458,120129,72267,87045,74796,83298,59821,67959,64555,74157,67834,75380,74591,99195,122511,131489
United States,Oregon,75,25141109,7459736,7058970,768041,57674,154215,84901,107768,67157,81145,65706,77737,56457,63553,59951,69057,62576,68465,66308,88220,112401,120433
United States,Pennsylvania,10,11729833,8032633,7716654,9691,8004,10156,5308,11836,12113,14561,17764,13256,11641,12802,11950,12816,8932,10595,10985,11550,18168,13309
United States,Pennsylvania,15,11729833,7859389,7607544,9691,7995,10148,5305,11828,12105,14556,17752,13251,11636,12796,11944,12798,8890,10541,10944,11478,18080,13259
United States,Pennsylvania,20,11729833,7739902,7535684,9691,7987,10140,5302,11818,12093,14548,17736,13243,11631,12791,11939,12782,8859,10501,10910,11425,18009,13216
United States,Pennsylvania,25,11729833,7659617,7516868,9691,7982,10137,5302,11814,12089,14544,17730,13239,11629,12786,11936,12773,8842,10478,10894,11399,17974,13197
United States,Pennsylvania,30,11729833,7527016,7366619,9691,7965,10127,5297,11801,12076,14532,17711,13227,11620,12778,11931,12758,8810,10429,10857,11336,17898,13153
United States,Pennsylvania,50,11729833,7150619,7009119,9691,7849,10040,5255,11678,11946,14421,17544,13118,11538,12695,11872,12669,8650,10227,10703,11090,17589,12974
United States,Pennsylvania,75,11729833,6548807,6331124,9691,7509,9734,5104,11244,11482,14035,17020,12775,11264,12442,11683,12412,8196,9727,10272,10492,16806,12483
United States,Rhode Island,10,283338,209058,197227,296,274,226,213,246,281,356,266,395,201,211,66,245,106,151,213,3217,1436,352
United States,Rhode Island,15,283338,203266,192297,296,274,226,213,246,281,356,266,395,201,211,66,244,105,149,212,3213,1433,350
United States,Rhode Island,20,283338,199727,189772,296,273,226,213,245,281,356,266,395,201,210,66,244,105,148,210,3211,1431,347
United States,Rhode Island,25,283338,196279,189279,296,273,225,213,245,281,356,266,395,201,210,66,244,105,146,210,3209,1429,345
United States,Rhode Island,30,283338,191227,185281,296,272,225,212,245,281,355,265,395,200,209,65,244,105,145,209,3205,1425,343
United States,Rhode Island,50,283338,175257,171637,296,266,222,209,241,279,350,262,391,198,207,64,240,102,135,201,3181,1409,329
United States,Rhode Island,75,283338,153008,153334,296,250,212,203,229,268,336,248,376,194,198,62,229,93,115,178,3068,1360,297
United States,South Carolina,10,8012427,5604780,5353148,803495,84208,95295,65777,97651,95107,96546,92843,91523,63490,90084,72334,87116,80261,90613,83135,103657,107286,92500
United States,South Carolina,15,8012427,5510008,5272526,803495,84154,95235,65728,97587,95005,96437,92761,91464,63454,90038,72296,86996,79780,89962,82472,102719,106328,91741
United States,South Carolina,20,8012427,5425950,5177575,803495,84040,95117,65589,97425,94797,96211,92574,91308,63360,89906,72222,86803,79240,89337,81756,101708,105261,90923
United States,South Carolina,25,8012427,5354544,5146566,803495,83978,95069,65556,97378,94743,96138,92515,91250,63330,89860,72180,86687,78768,88770,81143,100842,104376,90242
United States,South Carolina,30,8012427,5259858,4994999,803495,83796,94888,65404,97153,94498,95854,92279,91049,63219,89704,72093,86495,78100,87999,80317,99673,103197,89314
United States,South Carolina,50,8012427,4907538,4512439,803495,82621,93639,64182,95661,92562,93989,90778,89731,62373,88579,71430,85345,74466,83885,76088,93786,97563,84813
United States,South Carolina,75,8012427,4373852,3708176,803495,77505,88022,58718,88418,84446,85897,83371,83440,58816,84005,69048,82104,68609,77426,69366,84082,88205,77110
United States,South Dakota,10,19974629,760774,703852,9759,14684,2392,4771,4537,7605,4957,5287,5658,3353,4432,2923,1880,17188,31073,8071,2800,4088,22902
United States,South Dakota,15,19974629,673935,596845,9759,13628,2281,4546,4394,7272,4896,5123,5520,3305,4392,2902,1846,16948,30771,7992,2778,4051,22623
United States,South Dakota,20,19974629,606538,511163,9759,13297,2231,4481,4328,7180,4849,5062,5466,3281,4363,2878,1816,16642,30326,7884,2749,3987,22218
United States,South Dakota,25,19974629,554722,479321,9759,12193,2177,4212,4248,6843,4819,5008,5377,3250,4333,2843,1783,16193,29753,7735,2714,3915,21608
United States,South Dakota,30,19974629,505273,425617,9759,10294,1992,4056,4112,6494,4730,4849,5234,3194,4275,2798,1741,15881,29204,7582,2653,3822,21136
United States,South Dakota,50,19974629,327938,128522,9759,4151,1421,3295,3403,5209,4159,4128,4497,2860,3809,2254,1315,11897,22339,5662,1967,2717,17164
United States,South Dakota,75,19974629,168136,27568,9759,519,495,1612,1434,1896,1860,1781,2187,1600,2254,1402,833,6585,12633,2877,864,1163,11452
United States,Tennessee,10,10918204,6674853,6252951,191067,42884,32712,26445,40131,40334,41231,43541,39126,23158,32611,25059,28648,23267,22859,26558,32798,39201,24695
United States,Tennessee,15,10918204,6546382,6186975,191067,42869,32704,26438,40115,40317,41209,43522,39115,23152,32605,25046,28613,23094,22701,26399,32445,38888,24502
United States,Tennessee,20,10918204,6429622,6109174,191067,42849,32692,26431,40095,40298,41181,43498,39096,23142,32597,25030,28578,22916,22549,26205,32076,38567,24285
United States,Tennessee,25,10918204,6347326,6085535,191067,42825,32681,26424,40081,40280,41163,43481,39082,23135,32592,25017,28551,22787,22434,26064,31815,38333,24114
United States,Tennessee,30,10918204,6210528,5901462,191067,42769,32649,26399,40030,40231,41109,43426,39046,23114,32571,24994,28502,22579,22245,25843,31366,37937,23831
United States,Tennessee,50,10918204,5887534,5532813,191067,42403,32412,26214,39648,39899,40736,43066,38793,22983,32440,24869,28302,21897,21651,25176,30093,36707,23024
United States,Tennessee,75,10918204,5317544,4925641,191067,39627,30815,25014,37310,38041,38867,41142,37272,22238,31610,24260,27579,20560,20500,23738,27535,34137,21438
United States,Texas,10,68621327,10603449,8738338,866488,113442,86782,79236,121011,122401,111452,127302,110461,93996,106862,131010,128671,85999,96185,75585,92194,86363,72135
United States,Texas,15,68621327,10046793,8188539,866488,113348,86712,79188,120852,122295,111313,127154,110326,93860,106746,130587,127964,84822,94874,74475,90760,85009,71012
United States,Texas,20,68621327,9328994,7781373,866488,112883,86341,78784,120228,121632,110529,126348,109527,93221,106272,129721,126618,83066,92751,72787,88753,82987,69574
United States,Texas,25,68621327,8888087,7668686,866488,112053,85783,78175,119271,120656,109356,125137,108419,92349,105604,128552,125549,81835,91196,71537,87220,81487,68546
United States,Texas,30,68621327,8361271,7295024,866488,111298,85266,77655,118408,119794,108365,124107,107469,91612,105011,127434,124490,80395,89540,70186,85492,79832,67349
United States,Texas,50,68621327,7009938,6026254,866488,106178,81564,74034,112892,114421,102254,117655,102402,86982,101675,121436,119385,75927,83004,65323,79375,74144,63099
United States,Texas,75,68621327,5614141,4852215,866488,97895,75390,68491,104213,104370,92471,106248,94232,80143,95815,112812,111497,70159,74796,58944,71245,66642,56947
United States,Utah,10,21983248,2896698,2120336,3642,5327,26151,7094,10570,17064,5025,13220,5524,8288,6023,20300,11673,3769,3510,1760,3927,21381,28045
United States,Utah,15,21983248,2633212,1946346,3642,5219,24672,5991,9653,16770,4528,12094,5346,7863,5849,20048,11296,3224,2868,1478,3569,20882,26982
United States,Utah,20,21983248,2388629,1715709,3642,5147,23971,5806,9506,16644,4435,11941,5301,7749,5796,19905,11021,2824,2512,1277,3296,20389,25639
United States,Utah,25,21983248,2161682,1613188,3642,5036,22706,5535,9289,16480,4251,11346,5226,7539,5730,19746,10682,2396,2094,1104,2973,19633,24395
United States,Utah,30,21983248,2022737,1562489,3642,4959,21564,4937,8982,16252,4010,10504,5076,7178,5632,19557,10424,2221,1966,1036,2831,19183,23396
United States,Utah,50,21983248,1499686,926361,3642,4343,15932,3525,7420,14433,3068,7308,4418,5668,4897,18151,9038,1765,1570,848,2285,17286,18699
United States,Utah,75,21983248,1001897,448385,3642,3320,10297,2216,5638,11145,2139,4709,3498,4201,3920,15752,6989,1387,1179,662,1721,14016,13107
United States,Vermont,10,2494848,2043395,2035595,4816,2801,2066,900,2167,2383,3102,2040,2470,2506,3954,1729,2949,1811,2589,2562,3140,3418,3989
United States,Vermont,15,2494848,2021454,2014972,4816,2799,2066,900,2167,2383,3101,2039,2470,2506,3953,1729,2945,1805,2578,2560,3135,3414,3984
United States,Vermont,20,2494848,2007366,2007131,4816,2798,2066,900,2166,2383,3101,2039,2470,2506,3953,1729,2943,1802,2571,2558,3133,3410,3978
United States,Vermont,25,2494848,1999481,2004715,4816,2797,2065,900,2166,2382,3100,2039,2469,2505,3952,1729,2941,1799,2566,2556,3131,3408,3976
United States,Vermont,30,2494848,1986548,1989057,4816,2796,2064,900,2165,2382,3100,2039,2469,2505,3952,1729,2937,1795,2559,2553,3126,3404,3971
United States,Vermont,50,2494848,1929998,1938456,4816,2786,2060,899,2158,2377,3092,2036,2465,2502,3946,1727,2917,1769,2505,2534,3100,3381,3942
United States,Vermont,75,2494848,1804639,1823461,4816,2732,2031,888,2118,2336,3047,2007,2435,2476,3904,1717,2863,1679,2339,2453,2987,3278,3823
United States,Virginia,10,10374540,7344309,7017483,459379,55438,54419,40918,56231,63229,67324,67907,66985,56451,59194,49331,56463,55737,62507,64797,69675,71263,60679
United States,Virginia,15,10374540,7227950,6943168,459379,55418,54403,40913,56215,63209,67302,67881,66972,56444,59186,49322,56411,55540,62176,64461,69263,70745,60321
United States,Virginia,20,10374540,7137611,6866163,459379,55396,54390,40907,56197,63184,67271,67846,66951,56434,59172,49311,56367,55345,61864,64158,68885,70277,60005
United States,Virginia,25,10374540,7071973,6845127,459379,55378,54381,40904,56188,63173,67257,67829,66940,56431,59163,49304,56335,55224,61677,63978,68666,69983,59815
United States,Virginia,30,10374540,6958846,6687652,459379,55318,54347,40882,56144,63116,67196,67759,66894,56403,59132,49288,56260,54945,61268,63549,68172,69375,59407
United States,Virginia,50,10374540,6626443,6321099,459379,54890,54084,40707,55818,62709,66698,67232,66509,56189,58893,49177,55943,53723,59561,61768,66144,66922,57644
United States,Virginia,75,10374540,6034485,5653549,459379,51620,51269,38456,51749,58275,61756,62321,63137,54361,57086,48324,54505,50539,55599,57756,61571,61609,53655
United States,Washington,10,17487418,9399562,9124925,544125,77056,68310,83593,101767,78994,132525,89191,88424,54768,54575,50597,75762,62908,84286,110091,145671,110313,101161
United States,Washington,15,17487418,9161421,8935102,544125,76750,68236,83451,101629,78882,132349,89089,88289,54682,54550,50573,75649,62718,83498,109531,144601,109530,100376
United States,Washington,20,17487418,8957045,8778134,544125,76538,68124,83147,101423,78792,132011,88961,88137,54615,54522,50544,75489,62402,82397,108589,142738,108404,99468
United States,Washington,25,17487418,8839122,8733123,544125,76336,68034,82995,101264,78723,131788,88869,88015,54552,54494,50520,75355,62179,81611,107971,141570,107723,98848
United States,Washington,30,17487418,8712861,8636272,544125,75875,67860,82576,100965,78524,131275,88630,87738,54411,54446,50474,75202,61955,80733,107250,140326,106951,98116
United States,Washington,50,17487418,8073193,7767888,544125,72944,66002,78417,97839,76960,126425,86545,85569,53161,53835,49920,73474,60048,74408,100686,130195,101156,92599
United States,Washington,75,17487418,7184062,6849112,544125,67867,62333,72199,92502,73418,117732,81331,81292,50542,52520,48810,70736,56636,66337,89940,115677,91370,83396
United States,West Virginia,10,6268946,5336552,5165219,15326,8341,8858,3398,7577,12629,10390,15404,12816,9573,10484,7693,11940,7972,13494,13665,17053,19119,13786
United States,West Virginia,15,6268946,5274247,5128162,15326,8332,8854,3396,7573,12620,10386,15396,12813,9571,10482,7691,11914,7916,13352,13618,16994,19047,13745
United States,West Virginia,20,6268946,5228996,5103055,15326,8323,8848,3394,7569,12612,10382,15388,12809,9568,10478,7689,11891,7869,13221,13584,16945,18988,13717
United States,West Virginia,25,6268946,5203144,5094719,15326,8319,8846,3393,7568,12607,10380,15383,12806,9566,10477,7688,11876,7844,13151,13566,16922,18961,13702
United States,West Virginia,30,6268946,5153934,5033893,15326,8308,8841,3389,7563,12595,10373,15371,12800,9561,10475,7686,11853,7799,13025,13529,16873,18895,13671
United States,West Virginia,50,6268946,5012575,4868326,15326,8223,8790,3364,7506,12495,10303,15281,12747,9527,10435,7668,11753,7644,12622,13370,16667,18622,13530
United States,West Virginia,75,6268946,4701434,4507031,15326,7937,8531,3247,7224,12119,9975,14848,12481,9362,10235,7592,11505,7245,11818,12872,16050,17857,13132
United States,Wisconsin,10,16929671,7698118,7509832,93947,17665,14158,8100,20032,18927,17113,22760,20413,22075,19307,17379,20992,15130,18233,17277,21923,26688,26216
United States,Wisconsin,15,16929671,7516553,7390151,93947,17654,14150,8095,20002,18897,17080,22733,20388,22055,19297,17364,20946,15031,18141,17214,21841,26587,26111
United States,Wisconsin,20,16929671,7401050,7290619,93947,17647,14143,8091,19983,18871,17049,22713,20372,22040,19286,17351,20910,14954,18060,17167,21772,26512,26036
United States,Wisconsin,25,16929671,7316731,7256922,93947,17644,14140,8089,19975,18859,17040,22705,20364,22031,19281,17345,20886,14896,18004,17134,21721,26458,25981
United States,Wisconsin,30,16929671,7174480,7078904,93947,17631,14126,8081,19934,18815,16999,22668,20330,21999,19261,17325,20835,14786,17898,17077,21625,26354,25870
United States,Wisconsin,50,16929671,6687157,6493053,93947,17291,13794,7945,19157,18102,16331,22165,19903,21468,18963,16980,20328,14171,17221,16623,20992,25638,25240
United States,Wisconsin,75,16929671,5747551,5457844,93947,16196,12755,7422,17224,16376,14839,20552,18604,19994,18054,16216,19135,12376,15314,14842,18626,22891,23039
United States,Wyoming,10,25329647,3236209,2462845,51291,20074,15824,16877,18460,30086,7261,31191,30924,13737,19781,24971,24447,20143,12501,2846,15410,19392,19271
United States,Wyoming,15,25329647,3065139,2303564,51291,19697,15337,16517,18304,29566,6963,30622,30743,13693,19644,24829,24054,19424,12274,2811,15077,18696,18878
United States,Wyoming,20,25329647,2914407,2139321,51291,19586,15145,16342,18219,29369,6868,30505,30640,13669,19567,24743,23696,18876,12056,2756,14838,18146,18469
United States,Wyoming,25,25329647,2770035,2071538,51291,19253,14822,16063,18077,29012,6773,30264,30435,13625,19436,24621,23003,17950,11714,2697,14466,17470,17806
United States,Wyoming,30,25329647,2659189,2027482,51291,18942,14398,15696,17914,28439,6502,29725,30181,13568,19263,24445,22445,17320,11477,2655,14122,16901,17398
United States,Wyoming,50,25329647,2146952,1273245,51291,16398,12032,13686,16489,25393,5339,27397,27751,12967,17755,22771,19109,14375,9920,2234,11653,13627,14353
United States,Wyoming,75,25329647,1635028,631619,51291,11936,8831,10587,14107,20308,3743,22824,23027,11235,14834,19048,15304,11235,7795,1692,8339,9814,10365
